[
    {
      "country": "Afghanistan",
      "code": "af"
    },
    {
      "country": "Albania",
      "code": "al"
    },
    {
      "country": "Algeria",
      "code": "dz"
    },
    {
      "country": "American Samoa",
      "code": "as"
    },
    {
      "country": "Andorra",
      "code": "ad"
    },
    {
      "country": "Angola",
      "code": "ao"
    },
    {
      "country": "Anguilla",
      "code": "ai"
    },
    {
      "country": "Antarctica",
      "code": "aq"
    },
    {
      "country": "Antigua and Barbuda",
      "code": "ag"
    },
    {
      "country": "Argentina",
      "code": "ar"
    },
    {
      "country": "Armenia",
      "code": "am"
    },
    {
      "country": "Aruba",
      "code": "aw"
    },
    {
      "country": "Australia",
      "code": "au"
    },
    {
      "country": "Austria",
      "code": "at"
    },
    {
      "country": "Azerbaijan",
      "code": "az"
    },
    {
      "country": "Bahamas",
      "code": "bs"
    },
    {
      "country": "Bahrain",
      "code": "bh"
    },
    {
      "country": "Bangladesh",
      "code": "bd"
    },
    {
      "country": "Barbados",
      "code": "bb"
    },
    {
      "country": "Belarus",
      "code": "by"
    },
    {
      "country": "Belgium",
      "code": "be"
    },
    {
      "country": "Belize",
      "code": "bz"
    },
    {
      "country": "Benin",
      "code": "bj"
    },
    {
      "country": "Bermuda",
      "code": "bm"
    },
    {
      "country": "Bhutan",
      "code": "bt"
    },
    {
      "country": "Bolivia (Plurinational State of)",
      "code": "bo"
    },
    {
      "country": "Bonaire, Sint Eustatius and Saba",
      "code": "bq"
    },
    {
      "country": "Bosnia and Herzegovina",
      "code": "ba"
    },
    {
      "country": "Botswana",
      "code": "bw"
    },
    {
      "country": "Bouvet Island",
      "code": "bv"
    },
    {
      "country": "Brazil",
      "code": "br"
    },
    {
      "country": "British Indian Ocean Territory (the)",
      "code": "io"
    },
    {
      "country": "Brunei Darussalam",
      "code": "bn"
    },
    {
      "country": "Bulgaria",
      "code": "bg"
    },
    {
      "country": "Burkina Faso",
      "code": "bf"
    },
    {
      "country": "Burundi",
      "code": "bi"
    },
    {
      "country": "Cabo Verde",
      "code": "cv"
    },
    {
      "country": "Cambodia",
      "code": "kh"
    },
    {
      "country": "Cameroon",
      "code": "cm"
    },
    {
        "country": "Cape Verde", 
        "code": "cv"
    },
    {
      "country": "Canada",
      "code": "ca"
    },
    {
      "country": "Cayman Islands (the)",
      "code": "ky"
    },
    {
      "country": "Central African Republic",
      "code": "cf"
    },
    {
      "country": "Chad",
      "code": "td"
    },
    {
      "country": "Chile",
      "code": "cl"
    },
    {
      "country": "People's Republic of China",
      "code": "cn"
    },
    {
      "country": "China",
      "code": "cn"
    },
    {
      "country": "Christmas Island",
      "code": "cx"
    },
    {
      "country": "Cocos (Keeling) Islands (the)",
      "code": "cc"
    },
    {
      "country": "Colombia",
      "code": "co"
    },
    {
      "country": "Comoros",
      "code": "km"
    },
    {
      "country": "Congo",
      "code": "cd"
    },
    {
      "country": "Congo (the Democratic Republic of the)",
      "code": "cd"
    },
    {
      "country": "Congo (the)",
      "code": "cg"
    },
    {
      "country": "Cook Islands (the)",
      "code": "ck"
    },
    {
      "country": "Costa Rica",
      "code": "cr"
    },
    {
      "country": "Croatia",
      "code": "hr"
    },
    {
      "country": "Cuba",
      "code": "cu"
    },
    {
      "country": "Curaçao",
      "code": "cw"
    },
    {
      "country": "Cyprus",
      "code": "cy"
    },
    {
      "country": "Czechia",
      "code": "cz"
    },
    {
      "country": "Czech Republic",
      "code": "cz"
    },
    {
      "country": "Ivory Coast",
      "code": "ci"
    },
    {
      "country": "Cote D Ivoire",
      "code": "ci"
    },
    {
      "country": "Denmark",
      "code": "dk"
    },
    {
      "country": "Djibouti",
      "code": "dj"
    },
    {
      "country": "Dominica",
      "code": "dm"
    },
    {
      "country": "Dominican Republic (the)",
      "code": "do"
    },
    {
      "country": "Dominican Republic",
      "code": "do"
    },
    {
      "country": "Dominican Rep",
      "code": "do"
    },
    {
      "country": "Ecuador",
      "code": "ec"
    },
    {
      "country": "Egypt",
      "code": "eg"
    },
    {
      "country": "El Salvador",
      "code": "sv"
    },
    {
      "country": "Eq. Guinea",
      "code": "gq"
    },
    {
      "country": "Eritrea",
      "code": "er"
    },
    {
      "country": "Estonia",
      "code": "ee"
    },
    {
      "country": "Eswatini",
      "code": "sz"
    },
    {
      "country": "Ethiopia",
      "code": "et"
    },
    {
      "country": "Falkland Islands (the) [Malvinas]",
      "code": "fk"
    },
    {
      "country": "Faroe Islands (the)",
      "code": "fo"
    },
    {
      "country": "Fiji",
      "code": "fj"
    },
    {
      "country": "Finland",
      "code": "fi"
    },
    {
      "country": "France",
      "code": "fr"
    },
    {
      "country": "French Guiana",
      "code": "gf"
    },
    {
      "country": "French Polynesia",
      "code": "pf"
    },
    {
      "country": "French Southern Territories (the)",
      "code": "tf"
    },
    {
      "country": "Gabon",
      "code": "ga"
    },
    {
      "country": "Gambia",
      "code": "gm"
    },
    {
      "country": "Georgia",
      "code": "ge"
    },
    {
      "country": "Germany",
      "code": "de"
    },
    {
      "country": "Ghana",
      "code": "gh"
    },
    {
      "country": "Gibraltar",
      "code": "gi"
    },
    {
      "country": "Greece",
      "code": "gr"
    },
    {
      "country": "Greenland",
      "code": "gl"
    },
    {
      "country": "Grenada",
      "code": "gd"
    },
    {
      "country": "Guadeloupe",
      "code": "gp"
    },
    {
      "country": "Guam",
      "code": "gu"
    },
    {
      "country": "Guatemala",
      "code": "gt"
    },
    {
      "country": "Guernsey",
      "code": "gg"
    },
    {
      "country": "Guinea",
      "code": "gn"
    },
    {
      "country": "Guinea-Bissau",
      "code": "gw"
    },
    {
      "country": "Guyana",
      "code": "gy"
    },
    {
      "country": "Haiti",
      "code": "ht"
    },
    {
      "country": "Heard Island and McDonald Islands",
      "code": "hm"
    },
    {
      "country": "Holy See (the)",
      "code": "va"
    },
    {
      "country": "Honduras",
      "code": "hn"
    },
    {
      "country": "Hong Kong, China",
      "code": "hk"
    },
    {
      "country": "Hong Kong",
      "code": "hk"
    },
    {
      "country": "Hungary",
      "code": "hu"
    },
    {
      "country": "Iceland",
      "code": "is"
    },
    {
      "country": "India",
      "code": "in"
    },
    {
      "country": "Indonesia",
      "code": "id"
    },
    {
      "country": "Iran",
      "code": "ir"
    },
    {
      "country": "Iran (Islamic Republic of)",
      "code": "ir"
    },
    {
      "country": "Islamic Republic of Iran",
      "code": "ir"
    },
    {
      "country": "Iraq",
      "code": "iq"
    },
    {
      "country": "Ireland",
      "code": "ie"
    },
    {
      "country": "Isle of Man",
      "code": "im"
    },
    {
      "country": "Israel",
      "code": "il"
    },
    {
      "country": "Italy",
      "code": "it"
    },
    {
      "country": "Jamaica",
      "code": "jm"
    },
    {
      "country": "Japan",
      "code": "jp"
    },
    {
      "country": "Jersey",
      "code": "je"
    },
    {
      "country": "Jordan",
      "code": "jo"
    },
    {
      "country": "Kazakhstan",
      "code": "kz"
    },
    {
      "country": "Kenya",
      "code": "ke"
    },
    {
      "country": "Kiribati",
      "code": "ki"
    },
    {
      "country": "Korea (the Democratic People's Republic of)",
      "code": "kp"
    },
    {
      "country": "Kosovo",
      "code": "ks"
    },
    {
      "country": "Korea (the Republic of)",
      "code": "kr"
    },
    {
      "country": "Republic of Korea",
      "code": "kr"
    },
    {
      "country": "South Korea",
      "code": "kr"
    },
    {
      "country": "Kuwait",
      "code": "kw"
    },
    {
      "country": "Kyrgyzstan",
      "code": "kg"
    },
    {
      "country": "Lao People's Democratic Republic (the)",
      "code": "la"
    },
    {
      "country": "Latvia",
      "code": "lv"
    },
    {
      "country": "Lebanon",
      "code": "lb"
    },
    {
      "country": "Lesotho",
      "code": "ls"
    },
    {
      "country": "Liberia",
      "code": "lr"
    },
    {
      "country": "Libya",
      "code": "ly"
    },
    {
      "country": "Liechtenstein",
      "code": "li"
    },
    {
      "country": "Lithuania",
      "code": "lt"
    },
    {
      "country": "Luxembourg",
      "code": "lu"
    },
    {
      "country": "Macao",
      "code": "mo"
    },
    {
      "country": "Madagascar",
      "code": "mg"
    },
    {
      "country": "Malawi",
      "code": "mw"
    },
    {
      "country": "Malaysia",
      "code": "my"
    },
    {
      "country": "Maldives",
      "code": "mv"
    },
    {
      "country": "Mali",
      "code": "ml"
    },
    {
      "country": "Malta",
      "code": "mt"
    },
    {
      "country": "Marshall Islands (the)",
      "code": "mh"
    },
    {
      "country": "Martinique",
      "code": "mq"
    },
    {
      "country": "Mauritania",
      "code": "mr"
    },
    {
      "country": "Mauritius",
      "code": "mu"
    },
    {
      "country": "Mayotte",
      "code": "yt"
    },
    {
      "country": "Mexico",
      "code": "mx"
    },
    {
      "country": "Micronesia (Federated States of)",
      "code": "fm"
    },
    {
      "country": "Moldova (the Republic of)",
      "code": "md"
    },
    {
      "country": "Moldova",
      "code": "md"
    },
    {
      "country": "Monaco",
      "code": "mc"
    },
    {
      "country": "Mongolia",
      "code": "mn"
    },
    {
      "country": "Montenegro",
      "code": "me"
    },
    {
      "country": "Montserrat",
      "code": "ms"
    },
    {
      "country": "Morocco",
      "code": "ma"
    },
    {
      "country": "Mozambique",
      "code": "mz"
    },
    {
      "country": "Myanmar",
      "code": "mm"
    },
    {
      "country": "Namibia",
      "code": "na"
    },
    {
      "country": "Nauru",
      "code": "nr"
    },
    {
      "country": "Nepal",
      "code": "np"
    },
    {
      "country": "Netherlands",
      "code": "nl"
    },
    {
      "country": "New Caledonia",
      "code": "nc"
    },
    {
      "country": "New Zealand",
      "code": "nz"
    },
    {
      "country": "Nicaragua",
      "code": "ni"
    },
    {
      "country": "Niger (the)",
      "code": "ne"
    },
    {
      "country": "Nigeria",
      "code": "ng"
    },
    {
      "country": "Niue",
      "code": "nu"
    },
    {
      "country": "Norfolk Island",
      "code": "nf"
    },
    {
      "country": "Northern Mariana Islands (the)",
      "code": "mp"
    },
    {
      "country": "Norway",
      "code": "no"
    },
    {
      "country": "Oman",
      "code": "om"
    },
    {
      "country": "Pakistan",
      "code": "pk"
    },
    {
      "country": "Palau",
      "code": "pw"
    },
    {
      "country": "Palestine, State of",
      "code": "ps"
    },
    {
      "country": "Panama",
      "code": "pa"
    },
    {
      "country": "Papua New Guinea",
      "code": "pg"
    },
    {
      "country": "Paraguay",
      "code": "py"
    },
    {
      "country": "Peru",
      "code": "pe"
    },
    {
      "country": "Philippines",
      "code": "ph"
    },
    {
      "country": "Pitcairn",
      "code": "pn"
    },
    {
      "country": "Poland",
      "code": "pl"
    },
    {
      "country": "Portugal",
      "code": "pt"
    },
    {
      "country": "Puerto Rico",
      "code": "pr"
    },
    {
      "country": "Qatar",
      "code": "qa"
    },
    {
      "country": "Republic of North Macedonia",
      "code": "mk"
    },
    {
      "country": "North Macedonia",
      "code": "mk"
    },
    {
      "country": "Romania",
      "code": "ro"
    },
    {
      "country": "Russia",
      "code": "ru"
    },
    {
      "country": "ROC",
      "code": "roc"
    },
    {
      "country": "Rwanda",
      "code": "rw"
    },
    {
      "country": "Réunion",
      "code": "re"
    },
    {
      "country": "Saint Barthélemy",
      "code": "bl"
    },
    {
      "country": "Saint Helena, Ascension and Tristan da Cunha",
      "code": "sh"
    },
    {
      "country": "Saint Kitts and Nevis",
      "code": "kn"
    },
    {
      "country": "Saint Lucia",
      "code": "lc"
    },
    {
      "country": "Saint Martin (French part)",
      "code": "mf"
    },
    {
      "country": "Saint Pierre and Miquelon",
      "code": "pm"
    },
    {
      "country": "Saint Vincent and the Grenadines",
      "code": "vc"
    },
    {
      "country": "Samoa",
      "code": "ws"
    },
    {
      "country": "San Marino",
      "code": "sm"
    },
    {
      "country": "Sao Tome and Principe",
      "code": "st"
    },
    {
      "country": "Saudi Arabia",
      "code": "sa"
    },
    {
      "country": "Senegal",
      "code": "sn"
    },
    {
      "country": "Serbia",
      "code": "rs"
    },
    {
      "country": "Seychelles",
      "code": "sc"
    },
    {
      "country": "Sierra Leone",
      "code": "sl"
    },
    {
      "country": "Singapore",
      "code": "sg"
    },
    {
      "country": "Sint Maarten (Dutch part)",
      "code": "sx"
    },
    {
      "country": "Slovakia",
      "code": "sk"
    },
    {
      "country": "Slovenia",
      "code": "si"
    },
    {
      "country": "Solomon Islands",
      "code": "sb"
    },
    {
      "country": "Somalia",
      "code": "so"
    },
    {
      "country": "South Africa",
      "code": "za"
    },
    {
      "country": "South Georgia and the South Sandwich Islands",
      "code": "gs"
    },
    {
      "country": "South Sudan",
      "code": "ss"
    },
    {
      "country": "Spain",
      "code": "es"
    },
    {
      "country": "Sri Lanka",
      "code": "lk"
    },
    {
      "country": "Sudan",
      "code": "sd"
    },
    {
      "country": "Suriname",
      "code": "sr"
    },
    {
      "country": "Svalbard and Jan Mayen",
      "code": "sj"
    },
    {
      "country": "Sweden",
      "code": "se"
    },
    {
      "country": "Switzerland",
      "code": "ch"
    },
    {
      "country": "Syrian Arab Republic",
      "code": "sy"
    },
    {
      "country": "Syria",
      "code": "sy"
    },
    {
      "country": "Chinese Taipei",
      "code": "taipei"
    },
    {
      "country": "Taiwan (Province of China)",
      "code": "tw"
    },
    {
      "country": "Tajikistan",
      "code": "tj"
    },
    {
      "country": "Tanzania, United Republic of",
      "code": "tz"
    },
    {
      "country": "Thailand",
      "code": "th"
    },
    {
      "country": "Timor-Leste",
      "code": "tl"
    },
    {
      "country": "Togo",
      "code": "tg"
    },
    {
      "country": "Tokelau",
      "code": "tk"
    },
    {
      "country": "Tonga",
      "code": "to"
    },
    {
      "country": "Trinidad and Tobago",
      "code": "tt"
    },
    {
      "country": "Tunisia",
      "code": "tn"
    },
    {
      "country": "Turkey",
      "code": "tr"
    },
    {
      "country": "Turkmenistan",
      "code": "tm"
    },
    {
      "country": "Turks and Caicos Islands (the)",
      "code": "tc"
    },
    {
      "country": "Tuvalu",
      "code": "tv"
    },
    {
      "country": "Uganda",
      "code": "ug"
    },
    {
      "country": "Ukraine",
      "code": "ua"
    },
    {
      "country": "United Arab Emirates (the)",
      "code": "ae"
    },
    {
      "country": "England",
      "code": "gb"
    },
    {
      "country": "Britain",
      "code": "gb"
    },
    {
      "country": "United States Minor Outlying Islands (the)",
      "code": "um"
    },
    {
      "country": "United States",
      "code": "us"
    },
    {
      "country": "USA",
      "code": "us"
    },
    {
      "country": "Uruguay",
      "code": "uy"
    },
    {
      "country": "Uzbekistan",
      "code": "uz"
    },
    {
      "country": "Vanuatu",
      "code": "vu"
    },
    {
      "country": "Venezuela",
      "code": "ve"
    },
    {
      "country": "Viet Nam",
      "code": "vn"
    },
    {
      "country": "Virgin Islands (British)",
      "code": "vg"
    },
    {
      "country": "Virgin Islands (U.S.)",
      "code": "vi"
    },
    {
      "country": "Wallis and Futuna",
      "code": "wf"
    },
    {
      "country": "Western Sahara",
      "code": "eh"
    },
    {
      "country": "Yemen",
      "code": "ye"
    },
    {
      "country": "Zambia",
      "code": "zm"
    },
    {
      "country": "Zimbabwe",
      "code": "zw"
    },
    {
      "country": "Åland Islands",
      "code": "ax"
    }
  ]